INSERT INTO `Category` (`Category_name`) VALUES
('Fresh_produce'),
('Frozen_foods'),
('Drinks'),
('Personal_care'),
('House_supplies'),
('Pet_care');

INSERT INTO `Contains` (`Barcode`, `Card_id`, `Pieces`, `DateTime`) VALUES
('102049757378', '10023', 1, '2017-04-23 18:30:45'),
('102049757378', '10023', 1, '2017-09-24 15:00:12'),
('102049757378', '36749', 1, '2020-09-24 15:00:12'),
('102903994812', '10023', 1, '2014-12-23 18:30:45'),
('102903994812', '10023', 1, '2018-03-07 13:30:45'),
('102903994812', '16203', 1, '2010-03-02 13:30:45'),
('102903994812', '25008', 1, '2013-10-26 14:30:11'),
('102903994812', '36749', 1, '2014-03-07 13:30:45'),
('102938400293', '10023', 1, '2014-02-09 15:30:45'),
('102938400293', '10023', 1, '2016-09-24 15:00:12'),
('102938400293', '10023', 1, '2020-06-07 20:09:19'),
('102938400293', '10023', 1, '2020-06-17 20:09:19'),
('102938400293', '16203', 1, '2020-10-24 15:00:12'),
('102938400293', '19320', 1, '2020-02-07 20:09:14'),
('102938400293', '19320', 1, '2020-02-17 20:09:14'),
('102938400293', '36527', 1, '2016-10-10 21:00:37'),
('102938400293', '36749', 1, '2015-09-24 15:00:12'),
('102938492834', '10023', 1, '2013-11-02 17:00:12'),
('102938492834', '16203', 1, '2019-09-02 17:00:12'),
('102938492834', '19306', 1, '2018-10-13 14:20:38'),
('102938492834', '36749', 1, '2019-11-02 17:00:12'),
('102938499583', '18954', 1, '2016-11-18 18:07:02'),
('102938499583', '24567', 1, '2013-09-09 16:19:12'),
('102938499583', '37832', 1, '2015-09-29 13:29:12'),
('108758357231', '17923', 1, '2016-10-25 14:03:59'),
('109837492831', '18954', 1, '2013-07-31 15:43:40'),
('109837492831', '22000', 1, '2010-03-05 20:09:33'),
('109837492831', '25008', 1, '2013-10-26 14:30:11'),
('109837492831', '29331', 1, '2012-01-14 08:05:40'),
('109837492831', '37832', 1, '2020-04-15 14:29:30'),
('109837492831', '39852', 1, '2016-09-08 15:22:03'),
('109837492831', '39875', 1, '2017-05-31 22:10:00'),
('109878657476', '10023', 1, '2014-03-09 15:30:45'),
('109878657476', '21509', 1, '2013-12-09 12:19:17'),
('110938892031', '10234', 1, '2018-07-30 18:02:58'),
('110938892031', '39852', 1, '2016-09-08 15:22:03'),
('111113891823', '19405', 1, '2018-08-24 17:04:00'),
('111113891823', '19405', 1, '2019-03-07 18:45:02'),
('111113891823', '36527', 1, '2019-02-09 11:43:40'),
('117283920312', '18954', 1, '2019-04-23 10:00:40'),
('118222234123', '19405', 1, '2019-11-07 19:23:02'),
('118222234123', '35278', 1, '2010-07-19 11:00:00'),
('120499028394', '21509', 1, '2018-01-30 16:31:07'),
('120499028394', '21586', 1, '2019-10-07 10:20:51'),
('120499028394', '39852', 1, '2016-09-08 15:22:03'),
('120499028394', '39852', 1, '2019-01-30 16:43:01'),
('123840199203', '10023', 1, '2012-06-29 17:30:45'),
('123840199203', '28903', 1, '2020-04-28 11:55:22'),
('124524156334', '17923', 1, '2016-10-25 14:03:59'),
('124524156334', '17923', 1, '2018-12-29 19:40:37'),
('124524156334', '22000', 1, '2011-09-09 15:12:10'),
('124524156334', '25008', 1, '2015-08-14 12:57:01'),
('124524156334', '26502', 1, '2017-06-15 19:30:01'),
('124524156334', '26502', 1, '2019-02-27 09:04:00'),
('124524156334', '27267', 1, '2020-02-27 09:03:01'),
('124524156334', '35278', 1, '2010-07-19 11:00:00'),
('124524156334', '39875', 1, '2020-01-08 13:12:03'),
('124561241112', '21586', 1, '2017-05-18 12:23:19'),
('130907990694', '36527', 1, '2019-02-09 11:43:40'),
('130948593049', '19405', 1, '2019-05-12 20:25:02'),
('132384738293', '10023', 1, '2018-04-23 16:30:45'),
('132384738293', '10023', 1, '2020-06-01 16:09:19'),
('132384738293', '10023', 1, '2020-06-10 16:09:19'),
('132384738293', '10023', 1, '2020-06-20 16:09:19'),
('132384738293', '16203', 1, '2010-04-23 16:30:45'),
('132384738293', '19320', 1, '2020-02-10 16:09:14'),
('132384738293', '19320', 1, '2020-02-20 16:09:14'),
('132384738293', '25008', 1, '2013-10-26 14:30:11'),
('132384738293', '36749', 1, '2014-04-23 16:30:45'),
('138408079872', '21509', 1, '2018-01-30 16:31:07'),
('138408079872', '21586', 1, '2017-05-18 12:23:19'),
('138408079872', '21586', 1, '2019-10-07 10:20:51'),
('139481120394', '21586', 1, '2017-05-18 12:23:19'),
('140080798703', '10023', 1, '2014-08-09 13:30:00'),
('140080798703', '10023', 1, '2018-04-23 18:30:45'),
('140080798703', '12345', 1, '2020-04-12 19:04:04'),
('140080798703', '16203', 1, '2010-04-23 18:30:45'),
('140080798703', '36749', 1, '2014-04-23 18:30:45'),
('140938748693', '10234', 1, '2018-03-23 18:30:45'),
('140938748693', '10234', 1, '2020-03-05 15:30:09'),
('149985929948', '27267', 1, '2017-05-28 22:19:12'),
('150944909285', '28903', 1, '2020-04-28 11:55:22'),
('151234234567', '17923', 1, '2018-12-29 19:40:37'),
('151234234567', '26502', 1, '2019-07-28 23:48:06'),
('156627391021', '25008', 1, '2013-10-26 14:30:11'),
('159222039485', '17923', 1, '2018-12-29 19:40:37'),
('159222039485', '26502', 1, '2019-02-27 09:04:00'),
('163029390487', '27267', 1, '2017-05-28 22:19:12'),
('167484635342', '22000', 1, '2011-09-09 15:12:10'),
('167484635342', '25008', 1, '2015-08-14 12:57:01'),
('167484635342', '26502', 1, '2019-02-27 09:04:00'),
('167484635342', '39875', 1, '2020-01-08 13:12:03'),
('168031098829', '18954', 1, '2016-11-18 18:07:02'),
('168031098829', '24567', 1, '2013-09-09 16:19:12'),
('168031098829', '37832', 1, '2015-09-29 13:29:12'),
('172049284051', '10023', 1, '2019-02-09 15:20:45'),
('172049284051', '19405', 1, '2019-11-07 19:23:02'),
('172049284051', '26502', 1, '2019-07-28 23:48:06'),
('177778291341', '27267', 1, '2017-05-28 22:19:12'),
('178305967884', '19405', 1, '2019-03-07 18:45:02'),
('180293849501', '10023', 1, '2012-06-21 18:30:45'),
('180293849501', '10023', 1, '2019-03-09 15:20:45'),
('180293849501', '16203', 1, '2020-01-15 07:58:05'),
('180490249791', '16203', 1, '2020-09-24 15:00:12'),
('180490249791', '19405', 1, '2019-11-07 19:23:02'),
('180490249791', '24567', 1, '2013-09-09 16:19:12'),
('183092849873', '27267', 1, '2017-05-28 22:19:12'),
('183434546576', '10023', 1, '2020-06-11 10:09:19'),
('183434546576', '10023', 1, '2020-06-19 10:09:19'),
('183434546576', '10234', 1, '2019-12-23 11:30:47'),
('183434546576', '19320', 1, '2020-02-11 10:09:14'),
('183434546576', '19320', 1, '2020-02-19 10:09:14'),
('183434546576', '22000', 1, '2010-03-05 20:09:33'),
('183434546576', '36749', 1, '2020-01-08 13:12:03'),
('183434546576', '39875', 1, '2017-01-11 21:01:03'),
('188293011297', '10023', 1, '2012-06-27 15:30:45'),
('188293011297', '24567', 1, '2013-09-09 16:19:12'),
('188293011297', '36527', 1, '2016-10-10 21:00:37'),
('192847112012', '10023', 1, '2012-06-21 18:30:45'),
('192847112012', '28903', 1, '2020-04-28 11:55:22'),
('193209408824', '28903', 1, '2020-04-28 11:55:22'),
('198399948726', '10023', 1, '2012-06-24 15:36:45'),
('198399948726', '25008', 1, '2013-10-26 14:30:11'),
('203849582049', '17923', 1, '2016-10-25 14:03:59'),
('204909887213', '27267', 1, '2017-05-28 22:19:12'),
('204958293884', '19405', 1, '2019-05-12 20:25:02'),
('284730298435', '10023', 1, '2012-06-24 15:36:45'),
('284730298435', '10234', 1, '2018-03-23 18:30:45'),
('289480548782', '27267', 1, '2017-05-28 22:19:12'),
('293847778494', '19405', 1, '2017-01-06 13:20:39'),
('293847778494', '20045', 1, '2015-11-09 09:19:17'),
('293847778494', '21509', 1, '2013-12-09 12:19:17'),
('293847778494', '21586', 1, '2010-04-26 19:28:17'),
('293847778494', '34528', 1, '2016-08-05 11:27:27'),
('293847778494', '36527', 1, '2016-03-03 09:01:17'),
('293847778494', '36749', 1, '2020-01-08 13:12:03'),
('295739402938', '21509', 1, '2013-12-09 12:19:17'),
('295888394012', '36527', 1, '2016-10-10 21:00:37'),
('309090299384', '19405', 1, '2019-11-07 19:23:02'),
('309285994802', '10234', 1, '2019-12-23 11:30:47'),
('309285994802', '16203', 1, '2020-01-15 07:58:05'),
('309285994802', '16203', 1, '2020-01-23 14:30:41'),
('309285994802', '22000', 1, '2010-03-05 20:09:33'),
('309285994802', '25008', 1, '2013-10-26 14:30:11'),
('309285994802', '34528', 1, '2020-05-08 17:35:27'),
('309285994802', '39875', 1, '2017-01-11 21:01:03'),
('348293041243', '10234', 1, '2018-07-30 18:02:58'),
('399277399182', '19405', 1, '2019-03-07 18:45:02'),
('399277399182', '25008', 1, '2013-10-26 14:30:11'),
('409283948103', '36749', 1, '2020-01-08 13:12:03'),
('423153635423', '39852', 1, '2016-09-08 15:22:03'),
('444637283941', '26502', 1, '2019-07-28 23:48:06'),
('454536293401', '25008', 1, '2013-10-26 14:30:11'),
('568492375341', '10234', 1, '2018-03-23 18:30:45'),
('568492375341', '10234', 1, '2018-07-30 18:02:58'),
('583927485778', '25008', 1, '2013-10-26 14:30:11'),
('592837719283', '27267', 1, '2017-05-28 22:19:12'),
('601090903812', '27267', 1, '2017-05-28 22:19:12'),
('649203922839', '16203', 1, '2020-01-23 14:30:41'),
('692038566298', '19405', 1, '2019-05-12 20:25:02'),
('693857329111', '10023', 1, '2012-06-24 15:36:45'),
('693857329111', '25008', 1, '2013-10-26 14:30:11'),
('693857329111', '39852', 1, '2016-09-08 15:22:03'),
('703958376857', '25008', 1, '2013-10-26 14:30:11'),
('742135734213', '27267', 1, '2017-05-28 22:19:12'),
('742135734213', '39852', 1, '2016-09-08 15:22:03'),
('742135734213', '39875', 1, '2017-05-31 22:10:00'),
('777468346232', '16203', 1, '2010-03-20 16:30:45'),
('777468346232', '27267', 1, '2017-05-28 22:19:12'),
('788898399992', '10023', 1, '2019-03-29 15:20:45'),
('826734633346', '19405', 1, '2017-01-06 13:20:39'),
('826734633346', '20045', 1, '2015-11-09 09:19:17'),
('826734633346', '21509', 1, '2013-12-09 12:19:17'),
('826734633346', '21586', 1, '2010-04-26 19:28:17'),
('826734633346', '34528', 1, '2016-08-05 11:27:27'),
('826734633346', '36527', 1, '2016-03-03 09:01:17'),
('826734633346', '36749', 1, '2020-01-08 13:12:03'),
('829301293123', '35278', 1, '2010-07-19 11:00:00'),
('830911021891', '27267', 1, '2017-05-28 22:19:12'),
('849467133573', '16203', 1, '2020-01-15 07:58:05'),
('849467133573', '25008', 1, '2013-10-26 14:30:11'),
('849909993840', '10023', 1, '2012-06-21 18:30:45'),
('849909993840', '10023', 1, '2017-07-29 15:20:45'),
('849909993840', '36527', 1, '2016-10-10 21:00:37'),
('900986483903', '10023', 1, '2018-01-23 16:30:45'),
('900986483903', '16203', 1, '2010-01-23 16:30:45'),
('900986483903', '36749', 1, '2014-01-23 16:30:45'),
('912121234852', '10234', 1, '2019-12-23 11:30:47'),
('912121234852', '10234', 1, '2020-03-05 15:30:09'),
('912121234852', '20045', 1, '2015-11-09 09:19:17'),
('912121234852', '21509', 1, '2013-12-09 12:19:17'),
('912121234852', '26502', 1, '2019-07-28 23:48:06'),
('912121234852', '36527', 1, '2016-03-03 09:01:17'),
('912121234852', '36527', 1, '2016-10-10 21:00:37'),
('924819357724', '10023', 1, '2016-03-07 13:30:45'),
('924819357724', '16203', 1, '2020-03-02 13:30:45'),
('924819357724', '36749', 1, '2015-03-07 13:30:45'),
('930092839423', '21586', 1, '2013-09-09 16:19:17'),
('938112451253', '10023', 1, '2012-03-07 13:30:45'),
('938112451253', '10023', 1, '2018-03-29 15:20:45'),
('938112451253', '16203', 1, '2017-03-02 13:30:45'),
('938112451253', '36749', 1, '2013-03-07 13:30:45'),
('102903994812', '10023', 2, '2012-06-27 15:30:45'),
('102938499583', '18954', 2, '2018-06-27 14:30:00'),
('102938499583', '19320', 2, '2016-06-27 14:30:00'),
('108758357231', '21586', 2, '2017-05-18 12:23:19'),
('120499028394', '21586', 2, '2017-05-18 12:23:19'),
('123840199203', '18954', 2, '2018-06-27 14:30:00'),
('123840199203', '19320', 2, '2016-06-27 14:30:00'),
('123840199203', '21586', 2, '2013-09-09 16:19:17'),
('130907990694', '19405', 2, '2018-08-24 17:04:00'),
('139481120394', '18954', 2, '2018-06-27 14:30:00'),
('139481120394', '19320', 2, '2016-06-27 14:30:00'),
('140080798703', '18954', 2, '2018-06-27 14:30:00'),
('140080798703', '19320', 2, '2016-06-27 14:30:00'),
('167484635342', '17923', 2, '2016-10-25 14:03:59'),
('167484635342', '26502', 2, '2017-06-15 19:30:01'),
('167484635342', '35278', 2, '2010-07-19 11:00:00'),
('173940586774', '19405', 2, '2017-06-24 13:10:08'),
('177778291341', '18954', 2, '2018-06-27 14:30:00'),
('177778291341', '19320', 2, '2016-06-27 14:30:00'),
('183434546576', '16203', 2, '2020-01-15 07:58:05'),
('183434546576', '34528', 2, '2020-05-08 17:35:27'),
('204958293884', '25008', 2, '2013-10-26 14:30:11'),
('293847778494', '35278', 2, '2010-07-19 11:00:00'),
('309285994802', '36749', 2, '2020-01-08 13:12:03'),
('309285994802', '39875', 2, '2017-05-31 22:10:00'),
('649203922839', '26502', 2, '2019-07-28 23:48:06'),
('692038566298', '10234', 2, '2018-03-23 18:30:45'),
('830911021891', '18954', 2, '2019-05-23 20:00:40'),
('900986483903', '22000', 2, '2011-09-09 15:12:10'),
('138408079872', '39852', 3, '2019-01-30 16:43:01'),
('151234234567', '19306', 3, '2018-10-13 14:20:38'),
('167484635342', '27267', 3, '2020-02-27 09:03:01'),
('169056264287', '37684', 3, '2018-06-01 10:31:55'),
('183434546576', '39875', 3, '2017-05-31 22:10:00'),
('183687456342', '17923', 3, '2018-12-29 19:40:37'),
('184938205849', '10234', 3, '2019-12-23 11:30:47'),
('284730298435', '28903', 3, '2020-04-28 11:55:22'),
('124524156334', '19306', 4, '2018-10-13 14:20:38'),
('130907990694', '21586', 4, '2013-09-09 16:19:17'),
('134233256342', '19306', 4, '2018-10-13 14:20:38'),
('167484635342', '17923', 4, '2018-12-29 19:40:37'),
('184938205849', '20045', 4, '2015-11-09 09:19:17'),
('184938205849', '21509', 4, '2013-12-09 12:19:17'),
('295739402938', '25008', 4, '2013-10-26 14:30:11'),
('692038566298', '20925', 4, '2009-07-09 11:13:50'),
('790909000019', '28903', 4, '2020-04-28 11:55:22'),
('109837492831', '23700', 5, '2013-03-25 15:43:40'),
('109837492831', '28903', 5, '2020-04-28 11:55:22'),
('109837492831', '39821', 5, '2019-07-28 09:48:46'),
('109878657476', '10023', 5, '2012-06-21 18:30:45'),
('109878657476', '25008', 5, '2013-10-26 14:30:11'),
('111113891823', '21586', 5, '2013-09-09 16:19:17'),
('140938748693', '19306', 5, '2018-07-19 14:53:47'),
('140938748693', '29331', 5, '2012-01-14 08:05:40'),
('140938748693', '39821', 5, '2019-07-28 09:48:46'),
('183740283941', '29331', 5, '2012-01-14 08:05:40'),
('183740283941', '39821', 5, '2019-07-28 09:48:46'),
('184938205849', '36527', 5, '2016-03-03 09:01:17'),
('184938205849', '36527', 5, '2016-10-10 21:00:37'),
('199029000000', '10023', 5, '2012-06-27 15:30:45'),
('692038566298', '37684', 5, '2018-06-01 10:31:55'),
('788898399992', '35278', 5, '2010-07-19 11:00:00'),
('847029348123', '25008', 5, '2013-10-26 14:30:11'),
('849909993840', '10023', 5, '2012-06-27 15:30:45'),
('109878657476', '27267', 6, '2017-05-28 22:19:12'),
('140938748693', '34528', 6, '2020-05-08 17:35:27'),
('183740283941', '34528', 6, '2020-05-08 17:35:27'),
('184938205849', '26502', 6, '2019-07-28 23:48:06'),
('295739402938', '19306', 6, '2018-07-19 14:53:47'),
('295739402938', '27267', 6, '2017-05-28 22:19:12'),
('309090299384', '28903', 6, '2020-04-28 11:55:22'),
('649203922839', '18954', 6, '2019-04-23 10:00:40'),
('892039998909', '25008', 6, '2013-10-26 14:30:11'),
('102938492834', '17923', 7, '2018-12-29 19:40:37'),
('111920394812', '39852', 7, '2019-01-30 16:43:01'),
('384950293842', '25008', 7, '2013-10-26 14:30:11'),
('169056264287', '20925', 8, '2009-07-09 11:13:50'),
('183740283941', '23700', 9, '2020-02-09 15:43:40'),
('692038566298', '37832', 9, '2020-04-15 14:29:30'),
('109878657476', '19306', 10, '2018-07-19 14:53:47'),
('184938205849', '10234', 10, '2020-03-05 15:30:09'),
('788898399992', '10023', 12, '2012-06-24 15:36:45'),
('140938748693', '23700', 13, '2020-02-09 15:43:40'),
('169056264287', '37832', 15, '2020-04-15 14:29:30'),
('183740283941', '19306', 16, '2018-07-19 14:53:47'),
('140938748693', '20925', 17, '2020-02-09 08:58:49'),
('184938205849', '17923', 20, '2018-12-29 19:40:37'),
('183740283941', '20925', 25, '2020-02-09 08:58:49');

INSERT INTO `Customer` (`Card_id`, `Points`, `Family_members`, `Name`, `Last_name`, `Date_of_birth`, `City`, `Postal_code`, `Number`, `Street`, `Pets`) VALUES
('10001', 0, 9, 'as', 'sa', '2020-06-24', 'dw', '11111', 2, 'dwf', 1),
('10023', 1200, 2, 'Markos', 'Leventakos', '1993-02-25', 'Thessaloniki', '15329', 10, 'Irodotou', 5),
('10234', 0, 2, 'Isidora', 'Papatsi', '1987-04-23', 'Athens', '13423', 13, 'Agiou Georgiou', 1),
('12345', 1, 10, 'Dimitris', 'Ioannou', '1994-05-25', 'Patra', '11125', 245, 'Pantanassis', 1),
('16203', 87, 1, 'Panayiotis', 'Apostoliadis', '1999-09-01', 'Athens', '14398', 89, 'Andreadou', 0),
('17923', 184, 4, 'Thodoris', 'Karalilis', '1965-06-04', 'Thessaloniki', '12324', 14, 'G.Maridaki', 0),
('18954', 964, 3, 'Apollon', 'Apostolotis', '1995-12-09', 'Patra', '15203', 7, 'Damonos', 0),
('19306', 16, 0, 'Emmanouela', 'Athanasopoulou', '1978-02-02', 'Patra', '11623', 276, 'Thessalonikis', 3),
('19320', 523, 6, 'Korina', 'Ioannidi', '1984-11-06', 'Thessaloniki', '16325', 8, 'Kokkinou', 2),
('19405', 400, 0, 'Giannis', 'Antonas', '1974-03-04', 'Athens', '11395', 29, 'Kastalias', 3),
('20045', 650, 5, 'Nefeli', 'Katsa', '1999-06-25', 'Athens', '12137', 94, 'Agiou Nikolaou', 0),
('20925', 179, 0, 'Xristos', 'Papamixalopoulos', '1962-12-03', 'Patra', '26549', 3, 'Korinthou', 4),
('21509', 754, 3, 'Maria', 'Makridima', '1999-05-17', 'Athens', '13149', 137, 'Petroupoleos', 3),
('21586', 917, 1, 'Danai', 'Tsagari', '1985-01-30', 'Athens', '10444', 43, 'Iokastis', 5),
('22000', 1480, 7, 'Aikaterini', 'Orfanou', '1958-09-12', 'Athens', '10441', 1, 'Platonos', 0),
('23700', 324, 4, 'Maria', 'Skorda', '1978-07-12', 'Patra', '26222', 69, 'Miaouli', 0),
('24567', 60, 2, 'Kostas', 'Mitroglou', '2000-03-31', 'Patra', '26221', 16, 'Korinthou', 2),
('25008', 1100, 1, 'Lefteris', 'Sarantopoulos', '1990-04-01', 'Thessaloniki', '54635', 54, 'Arianou', 0),
('26502', 810, 0, 'Nikos', 'Lianeris', '1989-02-21', 'Thessaloniki', '56431', 25, 'Skra', 10),
('27267', 579, 4, 'Maria', 'Samiou', '1962-12-03', 'Thessaloniki', '56626', 47, 'Arapitsas', 1),
('28903', 0, 1, 'Eugenia', 'Papadopoulou', '1973-08-04', 'Thessaloniki', '54635', 86, 'Arianou', 6),
('29331', 9, 8, 'Anna', 'Papadopoulou', '1981-10-10', 'Patra', '26332', 16, 'Mixou', 1),
('34528', 674, 4, 'Athina', 'Petrova', '1985-06-19', 'Patra', '26489', 44, 'Thessalonikis', 0),
('35278', 27, 4, 'Vasiliki', 'Stratakou', '1975-09-23', 'Athens', '11357', 32, 'Spetswn', 0),
('35789', 54, 3, 'Lefteris', 'Logikatos', '1974-04-15', 'Thessaloniki', '54732', 23, 'Evoias', 0),
('36527', 1389, 2, 'Elena', 'Kalanteri', '1999-05-05', 'Athens', '11532', 37, 'Thasou', 1),
('36749', 987, 5, 'Dafni', 'Alexandrou', '1985-06-20', 'Patra', '26425', 69, 'Santorinis', 0),
('37684', 387, 1, 'Petros', 'Mihailidhs', '1996-02-15', 'Patra', '26314', 67, 'Zakinthou', 1),
('37832', 876, 2, 'Antonis', 'Palaiologos', '1983-11-06', 'Patra', '26345', 37, 'Eumorfias', 2),
('37854', 498, 3, 'Emmanouela', 'Hatzidaki', '1990-03-14', 'Thessasloniki', '54367', 87, 'Ksenofontos', 2),
('39821', 128, 5, 'Manolis', 'Papaharalampous', '1968-12-09', 'Thessaloniki', '54276', 3, 'Andromedas', 0),
('39852', 1198, 2, 'Louiza', 'Gjolaj', '1999-12-03', 'Athens', '11532', 25, 'Samothrakis', 2),
('39875', 840, 2, 'Theopoula', 'Tzini', '1937-05-23', 'Athens', '11326', 4, 'Vosporou', 0);

INSERT INTO `E_mail` (`E_mail`, `Card_id`) VALUES
('s@g.j', '10001'),
('leventakos@gmail.gr', '10023'),
('isis@gmail.com', '10234'),
('jimmyioannou@gmail.com', '12345'),
('apostoliadis@hotmail.com', '16203'),
('someone@yahoo,gr', '17923'),
('apollo@gmail.com', '18954'),
('emma@gmail.com', '19306'),
('korinaioannidi@outlook.com', '19320'),
('korinaofficial@outlook.com', '19320'),
('giananton@gmail.gr', '19405'),
('KatsaNerf@gmail.com', '20045'),
('NefeliKatsa99@gmail.com', '20045'),
('ChrisPapa1962@hotmail.com', '20925'),
('MarakiIlion1999@gmail.com', '21509'),
('Danai@Tsagari.com', '21586'),
('MariaS@yahoo.com', '23700'),
('NikolasL@gmail.com', '26502'),
('MariaSamiou@hotmail.gr', '27267'),
('EugeniaThessalonikia@yahoo.com', '28903'),
('AnnoulaPatra@yahoo.com', '29331'),
('PapadopoulouAnna@gmail.gr', '29331'),
('petrovath@gmail.com', '34528'),
('vstrat@gmail.com', '35278'),
('lelogikatos@gmail.com', '35789'),
('elenakal@yahoo.com', '36527'),
('dalex@gmail.com', '36749'),
('petrosperisteri@gmail.com', '37684'),
('antonispal@gmail.com', '37832'),
('emmahat@gmail.com', '37854'),
('manpapa@yahoo.com', '39821'),
('louizag@hotmai.com', '39852');

INSERT INTO `Has` (`Category_name`, `Store_id`, `Number_of_products`) VALUES
('Fresh_produce', 1, '17'),
('Fresh_produce', 2, '14'),
('Fresh_produce', 4, '17'),
('Fresh_produce', 5, '15'),
('Fresh_produce', 6, '15'),
('Fresh_produce', 7, '20'),
('Fresh_produce', 8, '18'),
('Fresh_produce', 9, '17'),
('Fresh_produce', 10, '20'),
('Frozen_foods', 1, '10'),
('Frozen_foods', 2, '10'),
('Frozen_foods', 4, '15'),
('Frozen_foods', 5, '12'),
('Frozen_foods', 6, '13'),
('Frozen_foods', 7, '20'),
('Frozen_foods', 8, '15'),
('Frozen_foods', 9, '19'),
('Frozen_foods', 10, '20'),
('Drinks', 1, '14'),
('Drinks', 2, '12'),
('Drinks', 4, '18'),
('Drinks', 5, '11'),
('Drinks', 6, '14'),
('Drinks', 7, '20'),
('Drinks', 8, '13'),
('Drinks', 10, '14'),
('Personal_care', 1, '19'),
('Personal_care', 3, '15'),
('Personal_care', 4, '14'),
('Personal_care', 5, '17'),
('Personal_care', 6, '11'),
('Personal_care', 7, '20'),
('Personal_care', 8, '10'),
('Personal_care', 10, '11'),
('House_supplies', 1, '13'),
('House_supplies', 3, '10'),
('House_supplies', 4, '13'),
('House_supplies', 5, '14'),
('House_supplies', 6, '12'),
('House_supplies', 7, '20'),
('House_supplies', 10, '10'),
('Pet_care', 1, '11'),
('Pet_care', 4, '14'),
('Pet_care', 6, '12'),
('Pet_care', 7, '20'),
('Pet_care', 8, '12'),
('Pet_care', 10, '16');

INSERT INTO `History` (`Start_date`, `End_date`, `Price`, `Barcode`) VALUES
('2011-05-31', NULL, '4.25', '693857329111'),
('2011-07-21', NULL, '12.00', '149280384734'),
('2011-07-21', NULL, '7.80', '150944909285'),
('2011-07-21', NULL, '8.00', '151234234567'),
('2012-01-10', NULL, '1.00', '394820394402'),
('2012-05-20', NULL, '1.99', '649203922839'),
('2012-05-31', NULL, '8.00', '703958376857'),
('2012-06-01', NULL, '4.50', '777468346232'),
('2012-06-20', NULL, '12.00', '124524156334'),
('2012-08-08', NULL, '1.00', '829301293123'),
('2013-02-06', NULL, '2.50', '444637283941'),
('2013-05-11', NULL, '7.00', '109837492831'),
('2013-06-01', NULL, '0.50', '788898399992'),
('2013-06-30', NULL, '14.00', '193209408824'),
('2013-07-05', NULL, '7.80', '912121234852'),
('2013-10-28', NULL, '6.00', '201930290123'),
('2013-11-09', NULL, '2.00', '183687456342'),
('2013-11-15', NULL, '8.00', '140080798703'),
('2014-02-21', NULL, '5.00', '409283948103'),
('2014-03-17', NULL, '1.20', '129493059059'),
('2014-03-17', NULL, '7.00', '130904280397'),
('2014-03-17', NULL, '10.00', '132384738293'),
('2014-03-17', NULL, '10.00', '134233256342'),
('2014-04-05', NULL, '3.00', '108758357231'),
('2014-04-30', NULL, '2.60', '601090903812'),
('2014-06-01', NULL, '8.99', '203849582049'),
('2014-07-24', NULL, '6.00', '903000029193'),
('2014-07-25', NULL, '6.70', '924819357724'),
('2014-08-23', NULL, '1.00', '111920394812'),
('2014-10-07', NULL, '0.50', '295888394012'),
('2014-10-09', NULL, '2.50', '309285994802'),
('2014-12-02', NULL, '1.50', '102938492834'),
('2015-01-21', NULL, '6.90', '405189822390'),
('2015-01-30', NULL, '2.80', '102903994812'),
('2015-02-02', NULL, '9.00', '454536293401'),
('2015-04-20', NULL, '9.80', '628991822937'),
('2015-06-29', NULL, '3.50', '192847112012'),
('2015-07-21', NULL, '5.50', '159222039485'),
('2015-07-21', NULL, '6.05', '164879567412'),
('2015-07-21', NULL, '4.60', '164909212452'),
('2015-07-21', NULL, '4.00', '167484635342'),
('2015-07-21', NULL, '5.50', '168031098829'),
('2015-07-21', NULL, '3.90', '172049284051'),
('2015-07-21', NULL, '3.99', '173423423456'),
('2015-07-21', NULL, '14.00', '173940586774'),
('2015-07-30', NULL, '6.25', '930092839423'),
('2015-10-31', NULL, '9.99', '148958883940'),
('2015-11-04', NULL, '5.00', '294810029312'),
('2016-02-02', NULL, '6.99', '129380927384'),
('2016-03-19', NULL, '2.30', '592837719283'),
('2016-03-27', NULL, '5.00', '593009283718'),
('2016-08-07', NULL, '2.40', '938112451253'),
('2016-08-18', NULL, '4.50', '826734633346'),
('2016-09-14', NULL, '5.00', '849467133573'),
('2016-09-27', NULL, '0.20', '116253118234'),
('2016-09-27', NULL, '6.00', '117283920312'),
('2016-09-27', NULL, '4.00', '123840199203'),
('2016-10-10', NULL, '7.60', '348293041243'),
('2016-12-09', NULL, '4.50', '183434546576'),
('2017-01-26', NULL, '15.00', '192839183946'),
('2017-01-26', NULL, '7.30', '399277399182'),
('2017-02-09', NULL, '9.99', '583927485778'),
('2017-05-04', NULL, '5.40', '138408079872'),
('2017-06-03', NULL, '1.30', '900986483903'),
('2017-08-08', NULL, '0.50', '184938205849'),
('2017-11-04', NULL, '5.99', '293847778494'),
('2017-12-10', NULL, '2.30', '124561241112'),
('2018-01-03', '2018-07-12', '7.00', '110938892031'),
('2018-01-03', '2018-07-15', '3.50', '169056264287'),
('2018-01-03', '2018-03-15', '8.50', '177778291341'),
('2018-01-04', '2018-07-03', '5.50', '183092849873'),
('2018-01-05', '2019-06-25', '0.20', '120994729482'),
('2018-01-05', '2018-07-10', '11.00', '139481120394'),
('2018-01-05', '2018-09-12', '0.85', '149985929948'),
('2018-01-09', '2018-08-10', '7.15', '102938400293'),
('2018-01-10', '2018-08-10', '7.50', '530192840911'),
('2018-01-15', '2018-03-26', '4.00', '130948593049'),
('2018-01-15', '2018-01-31', '4.10', '178305967884'),
('2018-01-15', '2018-09-27', '1.90', '188293011297'),
('2018-01-15', '2018-07-01', '4.30', '204909887213'),
('2018-01-19', '2018-08-10', '2.55', '289480548782'),
('2018-01-20', '2018-09-25', '3.20', '423153635423'),
('2018-01-24', '2018-06-15', '3.78', '204958293884'),
('2018-01-27', '2018-04-17', '3.47', '849909993840'),
('2018-01-31', '2018-09-30', '3.60', '178305967884'),
('2018-02-13', '2018-03-01', '0.83', '180293849501'),
('2018-02-15', '2018-09-12', '2.30', '192849193712'),
('2018-03-01', '2018-09-12', '1.80', '153808004982'),
('2018-03-01', '2019-03-16', '0.95', '180293849501'),
('2018-03-14', '2018-07-10', '2.14', '568492375341'),
('2018-03-15', '2018-11-29', '8.39', '177778291341'),
('2018-03-26', '2018-04-05', '3.27', '130948593049'),
('2018-04-01', '2018-04-30', '8.00', '124802998482'),
('2018-04-05', '2018-12-31', '4.00', '130948593049'),
('2018-04-06', '2018-05-27', '8.55', '742135734213'),
('2018-04-07', '2018-10-07', '5.44', '102049757378'),
('2018-04-17', '2018-04-30', '2.67', '849909993840'),
('2018-04-30', '2018-09-04', '8.17', '124802998482'),
('2018-04-30', '2018-09-25', '3.47', '849909993840'),
('2018-05-06', '2019-02-13', '7.30', '309090299384'),
('2018-05-21', '2019-06-24', '0.60', '118222234123'),
('2018-05-27', '2019-03-14', '8.67', '742135734213'),
('2018-06-15', '2019-10-03', '3.85', '204958293884'),
('2018-07-01', '2018-07-17', '3.55', '204909887213'),
('2018-07-03', '2018-07-20', '5.00', '183092849873'),
('2018-07-10', '2018-07-30', '9.97', '139481120394'),
('2018-07-10', '2018-07-25', '1.86', '568492375341'),
('2018-07-12', '2018-07-30', '6.49', '110938892031'),
('2018-07-15', '2018-09-10', '1.75', '163029390487'),
('2018-07-15', '2018-07-31', '3.26', '169056264287'),
('2018-07-17', '2019-01-10', '4.30', '204909887213'),
('2018-07-20', '2018-11-15', '5.50', '183092849873'),
('2018-07-21', '2018-09-21', '2.21', '140938748693'),
('2018-07-25', '2019-02-13', '2.14', '568492375341'),
('2018-07-30', '2019-02-12', '7.15', '110938892031'),
('2018-07-30', '2019-01-10', '11.30', '139481120394'),
('2018-07-31', '2018-09-18', '3.50', '169056264287'),
('2018-08-10', '2018-08-30', '6.43', '102938400293'),
('2018-08-10', '2018-08-30', '2.42', '289480548782'),
('2018-08-10', '2018-08-30', '7.30', '530192840911'),
('2018-08-30', '2019-02-13', '7.15', '102938400293'),
('2018-08-30', '2019-04-14', '2.55', '289480548782'),
('2018-08-30', '2019-02-10', '7.70', '530192840911'),
('2018-09-04', '2018-09-20', '6.57', '124802998482'),
('2018-09-10', '2018-09-30', '1.42', '163029390487'),
('2018-09-12', '2018-09-30', '0.73', '149985929948'),
('2018-09-12', '2018-09-30', '1.56', '153808004982'),
('2018-09-12', '2018-09-30', '1.75', '192849193712'),
('2018-09-14', '2018-09-30', '5.00', '102938499583'),
('2018-09-14', '2019-04-10', '4.70', '830911021891'),
('2018-09-15', '2019-03-18', '3.80', '284958203945'),
('2018-09-16', '2019-01-14', '1.23', '109878657476'),
('2018-09-18', '2018-10-03', '2.87', '169056264287'),
('2018-09-20', '2018-12-30', '7.34', '124802998482'),
('2018-09-21', '2018-10-10', '1.70', '140938748693'),
('2018-09-24', '2018-12-31', '1.79', '295739402938'),
('2018-09-25', '2018-10-15', '2.69', '423153635423'),
('2018-09-25', '2018-10-17', '2.84', '849909993840'),
('2018-09-26', '2019-03-14', '1.76', '384950293842'),
('2018-09-27', '2018-10-10', '1.43', '188293011297'),
('2018-09-30', '2019-04-14', '5.75', '102938499583'),
('2018-09-30', '2019-02-27', '0.89', '149985929948'),
('2018-09-30', '2019-02-13', '1.80', '153808004982'),
('2018-09-30', '2019-08-05', '1.75', '163029390487'),
('2018-09-30', '2019-01-31', '3.10', '178305967884'),
('2018-09-30', '2019-09-12', '2.00', '192849193712'),
('2018-10-03', '2019-07-25', '3.40', '169056264287'),
('2018-10-03', NULL, '10.00', '180490249791'),
('2018-10-07', '2018-10-21', '5.16', '102049757378'),
('2018-10-10', '2018-12-10', '1.99', '140938748693'),
('2018-10-10', '2019-02-13', '1.90', '188293011297'),
('2018-10-15', '2019-02-12', '3.20', '423153635423'),
('2018-10-17', '2019-02-13', '3.39', '849909993840'),
('2018-10-21', '2019-02-13', '5.44', '102049757378'),
('2018-10-31', '2018-11-20', '4.50', '729304438277'),
('2018-11-15', '2018-11-20', '4.50', '183092849873'),
('2018-11-20', '2019-09-12', '5.25', '183092849873'),
('2018-11-20', '2018-12-01', '4.35', '729304438277'),
('2018-11-29', '2019-05-09', '8.14', '177778291341'),
('2018-12-01', '2019-07-20', '4.75', '729304438277'),
('2018-12-10', '2019-01-14', '1.60', '140938748693'),
('2018-12-30', '2019-04-16', '7.47', '124802998482'),
('2018-12-31', NULL, '3.25', '130948593049'),
('2018-12-31', '2019-05-06', '1.63', '295739402938'),
('2019-01-04', '2019-10-23', '9.73', '120499028394'),
('2019-01-04', '2019-09-15', '2.85', '790909000019'),
('2019-01-10', '2019-01-27', '8.67', '139481120394'),
('2019-01-10', '2019-04-10', '4.15', '204909887213'),
('2019-01-14', '2019-01-31', '0.99', '109878657476'),
('2019-01-14', '2019-10-12', '1.70', '140938748693'),
('2019-01-21', '2019-06-18', '3.16', '847029348123'),
('2019-01-27', '2019-07-01', '11.00', '139481120394'),
('2019-01-31', '2019-05-19', '1.23', '109878657476'),
('2019-01-31', '2020-01-16', '3.56', '178305967884'),
('2019-02-01', '2019-02-15', '0.48', '183740283941'),
('2019-02-10', '2020-03-20', '7.85', '530192840911'),
('2019-02-12', '2019-02-28', '6.14', '110938892031'),
('2019-02-12', '2019-02-27', '2.54', '423153635423'),
('2019-02-13', '2019-02-27', '5.23', '102049757378'),
('2019-02-13', '2019-02-27', '6.24', '102938400293'),
('2019-02-13', '2019-02-27', '1.43', '153808004982'),
('2019-02-13', '2019-02-27', '3.55', '156627391021'),
('2019-02-13', '2019-02-27', '1.56', '188293011297'),
('2019-02-13', '2019-02-28', '6.54', '309090299384'),
('2019-02-13', '2019-02-27', '1.79', '568492375341'),
('2019-02-13', '2019-02-27', '2.86', '849909993840'),
('2019-02-15', '2019-11-06', '0.57', '183740283941'),
('2019-02-27', '2019-07-26', '5.44', '102049757378'),
('2019-02-27', '2020-01-03', '7.15', '102938400293'),
('2019-02-27', '2019-09-17', '1.02', '149985929948'),
('2019-02-27', '2019-07-01', '1.80', '153808004982'),
('2019-02-27', '2019-05-16', '3.63', '156627391021'),
('2019-02-27', NULL, '1.90', '188293011297'),
('2019-02-27', '2019-08-25', '3.15', '423153635423'),
('2019-02-27', '2019-03-15', '2.14', '568492375341'),
('2019-02-27', '2019-11-15', '3.43', '849909993840'),
('2019-02-28', '2019-09-18', '7.00', '110938892031'),
('2019-02-28', '2019-09-10', '7.15', '309090299384'),
('2019-03-02', '2019-12-03', '8.00', '172948948298'),
('2019-03-14', '2019-03-31', '1.53', '384950293842'),
('2019-03-14', '2019-12-02', '8.33', '742135734213'),
('2019-03-15', '2019-04-10', '2.10', '568492375341'),
('2019-03-16', '2019-03-31', '0.52', '180293849501'),
('2019-03-18', '2019-11-04', '4.10', '284958203945'),
('2019-03-31', NULL, '1.00', '180293849501'),
('2019-03-31', '2019-04-15', '1.68', '384950293842'),
('2019-04-04', '2019-07-06', '6.50', '193280401927'),
('2019-04-05', '2019-06-16', '4.00', '284730298435'),
('2019-04-10', '2019-04-30', '3.82', '204909887213'),
('2019-04-10', NULL, '1.99', '568492375341'),
('2019-04-10', '2019-04-30', '4.15', '830911021891'),
('2019-04-14', '2019-09-30', '5.87', '102938499583'),
('2019-04-14', '2019-04-30', '2.04', '289480548782'),
('2019-04-15', '2019-07-14', '1.76', '384950293842'),
('2019-04-16', NULL, '7.90', '124802998482'),
('2019-04-17', '2019-09-24', '1.80', '198399948726'),
('2019-04-30', '2019-09-16', '4.04', '204909887213'),
('2019-04-30', NULL, '2.40', '289480548782'),
('2019-04-30', '2020-01-10', '4.38', '830911021891'),
('2019-05-05', '2019-05-21', '8.75', '623684578532'),
('2019-05-06', '2019-05-23', '1.47', '295739402938'),
('2019-05-09', '2020-02-14', '8.47', '177778291341'),
('2019-05-16', '2019-08-27', '3.78', '156627391021'),
('2019-05-19', '2019-07-01', '1.10', '109878657476'),
('2019-05-21', '2019-09-15', '8.83', '623684578532'),
('2019-05-23', '2019-09-06', '1.68', '295739402938'),
('2019-06-16', '2019-07-18', '4.26', '284730298435'),
('2019-06-18', '2019-07-10', '3.03', '847029348123'),
('2019-06-24', NULL, '0.50', '118222234123'),
('2019-06-25', NULL, '0.25', '120994729482'),
('2019-07-01', NULL, '0.99', '109878657476'),
('2019-07-01', '2019-07-16', '8.99', '139481120394'),
('2019-07-01', '2019-07-15', '1.62', '153808004982'),
('2019-07-06', '2019-07-20', '6.23', '193280401927'),
('2019-07-10', '2019-12-18', '2.94', '847029348123'),
('2019-07-14', '2019-10-27', '1.89', '384950293842'),
('2019-07-15', NULL, '1.80', '153808004982'),
('2019-07-16', '2019-08-18', '6.80', '111113891823'),
('2019-07-16', '2019-11-19', '11.00', '139481120394'),
('2019-07-16', '2019-12-03', '2.10', '140980029120'),
('2019-07-18', NULL, '4.50', '284730298435'),
('2019-07-20', '2019-09-06', '6.50', '193280401927'),
('2019-07-20', '2019-11-28', '4.87', '729304438277'),
('2019-07-25', NULL, '2.80', '169056264287'),
('2019-07-26', NULL, '5.60', '102049757378'),
('2019-08-05', '2020-01-10', '1.64', '163029390487'),
('2019-08-10', '2020-01-14', '2.10', '199029000000'),
('2019-08-17', '2019-12-16', '2.50', '157384920424'),
('2019-08-18', '2020-02-01', '7.37', '111113891823'),
('2019-08-18', '2019-10-15', '1.97', '692038566298'),
('2019-08-18', '2020-01-17', '1.34', '892039998909'),
('2019-08-25', '2020-02-20', '3.38', '423153635423'),
('2019-08-27', '2020-01-14', '3.86', '156627391021'),
('2019-09-01', '2020-01-16', '2.54', '130907990694'),
('2019-09-06', '2019-12-17', '6.75', '193280401927'),
('2019-09-06', NULL, '1.50', '295739402938'),
('2019-09-10', '2019-09-30', '7.12', '309090299384'),
('2019-09-12', '2019-09-30', '4.90', '183092849873'),
('2019-09-12', '2019-09-30', '1.53', '192849193712'),
('2019-09-15', '2019-09-30', '8.93', '623684578532'),
('2019-09-15', '2019-09-30', '2.17', '790909000019'),
('2019-09-16', NULL, '4.00', '204909887213'),
('2019-09-17', NULL, '1.00', '149985929948'),
('2019-09-18', '2019-10-05', '5.94', '110938892031'),
('2019-09-24', '2019-10-03', '1.65', '198399948726'),
('2019-09-30', NULL, '6.00', '102938499583'),
('2019-09-30', NULL, '5.30', '183092849873'),
('2019-09-30', NULL, '2.00', '192849193712'),
('2019-09-30', NULL, '7.00', '309090299384'),
('2019-09-30', NULL, '9.00', '623684578532'),
('2019-09-30', NULL, '3.00', '790909000019'),
('2019-10-03', '2020-02-12', '1.80', '198399948726'),
('2019-10-03', '2019-10-18', '3.60', '204958293884'),
('2019-10-05', NULL, '7.50', '110938892031'),
('2019-10-12', NULL, '2.00', '140938748693'),
('2019-10-15', '2019-10-31', '1.73', '692038566298'),
('2019-10-18', NULL, '4.00', '204958293884'),
('2019-10-23', '2019-11-10', '8.88', '120499028394'),
('2019-10-27', '2019-11-18', '1.64', '384950293842'),
('2019-10-31', NULL, '1.67', '692038566298'),
('2019-11-04', NULL, '4.00', '284958203945'),
('2019-11-06', '2020-02-17', '0.67', '183740283941'),
('2019-11-10', NULL, '10.00', '120499028394'),
('2019-11-15', '2019-11-30', '3.10', '849909993840'),
('2019-11-18', '2020-01-14', '1.76', '384950293842'),
('2019-11-19', NULL, '11.30', '139481120394'),
('2019-11-28', NULL, '5.00', '729304438277'),
('2019-11-30', NULL, '3.50', '849909993840'),
('2019-12-02', NULL, '8.70', '742135734213'),
('2019-12-03', NULL, '2.00', '140980029120'),
('2019-12-03', '2019-12-31', '7.31', '172948948298'),
('2019-12-16', '2019-12-31', '2.00', '157384920424'),
('2019-12-17', NULL, '7.00', '193280401927'),
('2019-12-18', NULL, '2.99', '847029348123'),
('2019-12-31', '2020-03-14', '2.80', '157384920424'),
('2019-12-31', NULL, '8.00', '172948948298'),
('2020-01-03', NULL, '7.00', '102938400293'),
('2020-01-10', NULL, '1.67', '163029390487'),
('2020-01-10', NULL, '4.50', '830911021891'),
('2020-01-14', NULL, '4.00', '156627391021'),
('2020-01-14', NULL, '2.00', '199029000000'),
('2020-01-14', '2020-03-14', '1.89', '384950293842'),
('2020-01-16', NULL, '2.40', '130907990694'),
('2020-01-16', NULL, '3.00', '178305967884'),
('2020-01-17', NULL, '1.20', '892039998909'),
('2020-02-01', NULL, '7.80', '111113891823'),
('2020-02-12', '2020-02-27', '1.72', '198399948726'),
('2020-02-14', NULL, '7.60', '177778291341'),
('2020-02-17', NULL, '1.00', '183740283941'),
('2020-02-20', NULL, '3.50', '423153635423'),
('2020-02-27', NULL, '2.00', '198399948726'),
('2020-03-14', NULL, '3.00', '157384920424'),
('2020-03-14', NULL, '2.00', '384950293842'),
('2020-03-20', NULL, '8.00', '530192840911');

INSERT INTO `Offers` (`Alley`, `Self`, `Store_id`, `Barcode`) VALUES
(8, 3, 1, '102049757378'),
(12, 4, 1, '102903994812'),
(3, 5, 1, '102938400293'),
(7, 7, 1, '102938492834'),
(3, 2, 1, '102938499583'),
(2, 5, 1, '108758357231'),
(5, 1, 1, '109878657476'),
(8, 3, 1, '111113891823'),
(12, 3, 1, '111920394812'),
(2, 9, 1, '117283920312'),
(5, 4, 1, '118222234123'),
(3, 3, 1, '120499028394'),
(5, 2, 1, '120994729482'),
(12, 3, 1, '123840199203'),
(7, 2, 1, '124524156334'),
(3, 4, 1, '124561241112'),
(8, 3, 1, '124802998482'),
(2, 5, 1, '129380927384'),
(12, 5, 1, '130904280397'),
(8, 3, 1, '130907990694'),
(5, 4, 1, '130948593049'),
(7, 2, 1, '134233256342'),
(12, 5, 1, '138408079872'),
(3, 1, 1, '139481120394'),
(12, 5, 1, '140080798703'),
(5, 2, 1, '140938748693'),
(2, 3, 1, '149280384734'),
(12, 3, 1, '150944909285'),
(7, 4, 1, '151234234567'),
(8, 3, 1, '153808004982'),
(3, 4, 1, '156627391021'),
(5, 2, 1, '157384920424'),
(2, 5, 1, '159222039485'),
(8, 3, 1, '163029390487'),
(7, 2, 1, '167484635342'),
(3, 4, 1, '168031098829'),
(12, 3, 1, '172049284051'),
(2, 7, 1, '173940586774'),
(3, 4, 1, '177778291341'),
(5, 2, 1, '178305967884'),
(5, 3, 1, '180293849501'),
(12, 8, 1, '180490249791'),
(8, 3, 1, '183092849873'),
(7, 5, 1, '183687456342'),
(7, 2, 1, '184938205849'),
(3, 6, 1, '188293011297'),
(2, 3, 1, '192847112012'),
(8, 3, 1, '192849193712'),
(12, 3, 1, '193209408824'),
(8, 3, 1, '193280401927'),
(5, 4, 1, '198399948726'),
(3, 2, 1, '199029000000'),
(7, 2, 1, '201930290123'),
(2, 5, 1, '203849582049'),
(5, 3, 1, '204958293884'),
(5, 1, 1, '284730298435'),
(3, 2, 1, '284958203945'),
(8, 3, 1, '289480548782'),
(2, 1, 1, '293847778494'),
(7, 2, 1, '295888394012'),
(8, 3, 1, '309090299384'),
(3, 1, 1, '348293041243'),
(5, 1, 1, '384950293842'),
(12, 3, 1, '399277399182'),
(3, 4, 1, '423153635423'),
(7, 2, 1, '444637283941'),
(3, 4, 1, '568492375341'),
(3, 3, 1, '623684578532'),
(7, 2, 1, '649203922839'),
(5, 3, 1, '692038566298'),
(2, 1, 1, '693857329111'),
(5, 3, 1, '729304438277'),
(12, 9, 1, '777468346232'),
(7, 2, 1, '788898399992'),
(7, 2, 1, '829301293123'),
(5, 3, 1, '847029348123'),
(12, 2, 1, '849467133573'),
(3, 3, 1, '849909993840'),
(5, 4, 1, '892039998909'),
(5, 4, 1, '900986483903'),
(7, 2, 1, '930092839423'),
(2, 2, 2, '102938492834'),
(8, 5, 2, '108758357231'),
(8, 9, 2, '117283920312'),
(6, 2, 2, '120994729482'),
(2, 2, 2, '124524156334'),
(8, 5, 2, '129380927384'),
(6, 4, 2, '130948593049'),
(2, 3, 2, '134233256342'),
(6, 2, 2, '140938748693'),
(8, 3, 2, '149280384734'),
(2, 3, 2, '151234234567'),
(6, 2, 2, '157384920424'),
(8, 8, 2, '159222039485'),
(2, 2, 2, '167484635342'),
(8, 7, 2, '173940586774'),
(6, 2, 2, '178305967884'),
(6, 3, 2, '180293849501'),
(2, 3, 2, '183687456342'),
(2, 9, 2, '184938205849'),
(8, 3, 2, '192847112012'),
(6, 4, 2, '198399948726'),
(2, 2, 2, '201930290123'),
(8, 5, 2, '203849582049'),
(6, 3, 2, '204958293884'),
(6, 1, 2, '284730298435'),
(8, 8, 2, '293847778494'),
(2, 2, 2, '295888394012'),
(6, 1, 2, '384950293842'),
(2, 8, 2, '444637283941'),
(2, 8, 2, '649203922839'),
(6, 3, 2, '692038566298'),
(8, 1, 2, '693857329111'),
(6, 3, 2, '729304438277'),
(2, 2, 2, '788898399992'),
(6, 3, 2, '847029348123'),
(6, 4, 2, '892039998909'),
(1, 4, 3, '102903994812'),
(10, 5, 3, '102938400293'),
(10, 2, 3, '102938499583'),
(1, 3, 3, '111920394812'),
(10, 3, 3, '120499028394'),
(1, 3, 3, '123840199203'),
(10, 4, 3, '124561241112'),
(1, 5, 3, '130904280397'),
(1, 5, 3, '138408079872'),
(10, 1, 3, '139481120394'),
(1, 5, 3, '140080798703'),
(1, 3, 3, '150944909285'),
(10, 4, 3, '156627391021'),
(10, 4, 3, '168031098829'),
(1, 3, 3, '172049284051'),
(10, 4, 3, '177778291341'),
(1, 8, 3, '180490249791'),
(10, 6, 3, '188293011297'),
(10, 2, 3, '199029000000'),
(10, 2, 3, '284958203945'),
(10, 1, 3, '348293041243'),
(10, 4, 3, '423153635423'),
(10, 3, 3, '623684578532'),
(1, 9, 3, '777468346232'),
(10, 3, 3, '849909993840'),
(14, 1, 4, '102049757378'),
(12, 1, 4, '102903994812'),
(10, 1, 4, '102938400293'),
(7, 1, 4, '102938492834'),
(10, 2, 4, '102938499583'),
(4, 1, 4, '108758357231'),
(1, 1, 4, '109878657476'),
(10, 3, 4, '110938892031'),
(14, 2, 4, '111113891823'),
(12, 2, 4, '111920394812'),
(7, 2, 4, '116253118234'),
(4, 2, 4, '117283920312'),
(1, 2, 4, '118222234123'),
(1, 3, 4, '120994729482'),
(12, 3, 4, '123840199203'),
(10, 4, 4, '124561241112'),
(14, 3, 4, '124802998482'),
(4, 3, 4, '129380927384'),
(12, 4, 4, '129493059059'),
(14, 4, 4, '130907990694'),
(7, 3, 4, '134233256342'),
(12, 5, 4, '138408079872'),
(13, 1, 4, '140080798703'),
(1, 4, 4, '140938748693'),
(10, 5, 4, '140980029120'),
(7, 4, 4, '148958883940'),
(14, 5, 4, '149985929948'),
(13, 2, 4, '150944909285'),
(7, 5, 4, '151234234567'),
(11, 1, 4, '156627391021'),
(1, 5, 4, '157384920424'),
(4, 4, 4, '159222039485'),
(14, 6, 4, '163029390487'),
(4, 5, 4, '164879567412'),
(8, 1, 4, '167484635342'),
(1, 6, 4, '169056264287'),
(15, 1, 4, '172948948298'),
(8, 2, 4, '173423423456'),
(6, 1, 4, '173940586774'),
(2, 1, 4, '178305967884'),
(2, 2, 4, '180293849501'),
(13, 3, 4, '180490249791'),
(5, 1, 4, '183434546576'),
(8, 3, 4, '183687456342'),
(2, 3, 4, '183740283941'),
(8, 4, 4, '184938205849'),
(11, 2, 4, '188293011297'),
(5, 2, 4, '192847112012'),
(15, 2, 4, '192849193712'),
(13, 4, 4, '193209408824'),
(15, 3, 4, '193280401927'),
(2, 4, 4, '198399948726'),
(11, 3, 4, '199029000000'),
(8, 5, 4, '201930290123'),
(2, 5, 4, '204958293884'),
(11, 4, 4, '284958203945'),
(15, 4, 4, '289480548782'),
(5, 3, 4, '293847778494'),
(13, 5, 4, '294810029312'),
(2, 6, 4, '295739402938'),
(9, 1, 4, '295888394012'),
(5, 4, 4, '309285994802'),
(11, 5, 4, '348293041243'),
(3, 1, 4, '384950293842'),
(9, 2, 4, '394820394402'),
(15, 5, 4, '405189822390'),
(5, 5, 4, '409283948103'),
(10, 6, 4, '423153635423'),
(9, 3, 4, '444637283941'),
(12, 6, 4, '454536293401'),
(15, 6, 4, '530192840911'),
(13, 6, 4, '592837719283'),
(9, 4, 4, '593009283718'),
(13, 7, 4, '628991822937'),
(9, 5, 4, '649203922839'),
(3, 2, 4, '692038566298'),
(6, 2, 4, '693857329111'),
(6, 3, 4, '703958376857'),
(10, 7, 4, '742135734213'),
(7, 6, 4, '788898399992'),
(14, 7, 4, '790909000019'),
(6, 4, 4, '826734633346'),
(8, 6, 4, '829301293123'),
(3, 3, 4, '847029348123'),
(11, 6, 4, '849909993840'),
(3, 4, 4, '892039998909'),
(3, 5, 4, '900986483903'),
(15, 7, 4, '903000029193'),
(6, 5, 4, '912121234852'),
(9, 6, 4, '930092839423'),
(11, 7, 4, '938112451253'),
(10, 1, 5, '102903994812'),
(7, 1, 5, '102938400293'),
(5, 1, 5, '102938492834'),
(3, 3, 5, '108758357231'),
(3, 4, 5, '109837492831'),
(1, 1, 5, '109878657476'),
(10, 2, 5, '111920394812'),
(5, 2, 5, '116253118234'),
(1, 2, 5, '118222234123'),
(7, 2, 5, '120499028394'),
(1, 3, 5, '120994729482'),
(10, 3, 5, '123840199203'),
(5, 3, 5, '124524156334'),
(7, 3, 5, '124561241112'),
(10, 4, 5, '129493059059'),
(10, 5, 5, '130904280397'),
(5, 4, 5, '134233256342'),
(10, 6, 5, '138408079872'),
(7, 4, 5, '139481120394'),
(10, 7, 5, '140080798703'),
(1, 4, 5, '140938748693'),
(7, 5, 5, '140980029120'),
(7, 6, 5, '156627391021'),
(1, 5, 5, '157384920424'),
(3, 5, 5, '164879567412'),
(8, 1, 5, '168031098829'),
(1, 6, 5, '169056264287'),
(11, 1, 5, '172049284051'),
(3, 6, 5, '173940586774'),
(8, 2, 5, '177778291341'),
(11, 2, 5, '180490249791'),
(4, 1, 5, '183434546576'),
(1, 7, 5, '183740283941'),
(8, 3, 5, '188293011297'),
(4, 2, 5, '192847112012'),
(11, 3, 5, '193209408824'),
(2, 1, 5, '198399948726'),
(4, 3, 5, '203849582049'),
(2, 2, 5, '204958293884'),
(8, 4, 5, '284958203945'),
(4, 4, 5, '293847778494'),
(11, 4, 5, '294810029312'),
(2, 3, 5, '295739402938'),
(8, 5, 5, '348293041243'),
(2, 4, 5, '384950293842'),
(5, 5, 5, '394820394402'),
(4, 5, 5, '409283948103'),
(8, 6, 5, '423153635423'),
(5, 6, 5, '444637283941'),
(9, 1, 5, '568492375341'),
(4, 6, 5, '583927485778'),
(6, 1, 5, '593009283718'),
(9, 2, 5, '623684578532'),
(11, 5, 5, '628991822937'),
(6, 2, 5, '649203922839'),
(2, 5, 5, '692038566298'),
(9, 3, 5, '742135734213'),
(11, 6, 5, '777468346232'),
(6, 3, 5, '788898399992'),
(3, 1, 5, '826734633346'),
(6, 4, 5, '829301293123'),
(2, 6, 5, '847029348123'),
(11, 7, 5, '849467133573'),
(9, 4, 5, '849909993840'),
(2, 7, 5, '892039998909'),
(2, 8, 5, '900986483903'),
(3, 2, 5, '912121234852'),
(6, 5, 5, '930092839423'),
(9, 5, 5, '938112451253'),
(10, 1, 6, '102903994812'),
(8, 1, 6, '102938400293'),
(6, 1, 6, '102938492834'),
(8, 2, 6, '102938499583'),
(4, 1, 6, '108758357231'),
(4, 2, 6, '109837492831'),
(1, 1, 6, '109878657476'),
(8, 3, 6, '110938892031'),
(6, 2, 6, '116253118234'),
(4, 3, 6, '117283920312'),
(1, 2, 6, '118222234123'),
(1, 3, 6, '120994729482'),
(8, 4, 6, '124561241112'),
(10, 2, 6, '130904280397'),
(12, 1, 6, '130907990694'),
(1, 4, 6, '130948593049'),
(4, 4, 6, '132384738293'),
(6, 3, 6, '134233256342'),
(10, 3, 6, '138408079872'),
(10, 4, 6, '140080798703'),
(1, 5, 6, '140938748693'),
(8, 5, 6, '140980029120'),
(6, 4, 6, '148958883940'),
(4, 5, 6, '149280384734'),
(12, 2, 6, '149985929948'),
(6, 5, 6, '151234234567'),
(12, 3, 6, '153808004982'),
(9, 1, 6, '156627391021'),
(2, 1, 6, '157384920424'),
(5, 1, 6, '159222039485'),
(12, 4, 6, '163029390487'),
(5, 2, 6, '164879567412'),
(2, 2, 6, '169056264287'),
(9, 2, 6, '177778291341'),
(2, 3, 6, '178305967884'),
(10, 5, 6, '180490249791'),
(12, 5, 6, '183092849873'),
(6, 6, 6, '183687456342'),
(7, 1, 6, '184938205849'),
(9, 3, 6, '188293011297'),
(7, 2, 6, '192839183946'),
(5, 3, 6, '192847112012'),
(12, 6, 6, '192849193712'),
(11, 1, 6, '193209408824'),
(2, 4, 6, '198399948726'),
(7, 3, 6, '201930290123'),
(13, 1, 6, '204909887213'),
(2, 5, 6, '204958293884'),
(13, 2, 6, '289480548782'),
(11, 2, 6, '294810029312'),
(3, 1, 6, '295739402938'),
(7, 4, 6, '295888394012'),
(5, 4, 6, '309285994802'),
(3, 2, 6, '384950293842'),
(11, 3, 6, '399277399182'),
(5, 5, 6, '409283948103'),
(11, 4, 6, '454536293401'),
(13, 3, 6, '530192840911'),
(9, 4, 6, '568492375341'),
(5, 6, 6, '583927485778'),
(11, 5, 6, '592837719283'),
(13, 4, 6, '601090903812'),
(7, 5, 6, '649203922839'),
(5, 7, 6, '693857329111'),
(4, 6, 6, '703958376857'),
(9, 5, 6, '742135734213'),
(10, 6, 6, '777468346232'),
(7, 6, 6, '788898399992'),
(7, 7, 6, '829301293123'),
(13, 5, 6, '830911021891'),
(3, 3, 6, '847029348123'),
(11, 6, 6, '849467133573'),
(3, 4, 6, '892039998909'),
(3, 5, 6, '900986483903'),
(13, 6, 6, '903000029193'),
(6, 7, 6, '930092839423'),
(9, 6, 6, '938112451253'),
(21, 1, 7, '102049757378'),
(17, 1, 7, '102903994812'),
(13, 1, 7, '102938400293'),
(9, 1, 7, '102938492834'),
(13, 2, 7, '102938499583'),
(5, 1, 7, '108758357231'),
(5, 2, 7, '109837492831'),
(1, 1, 7, '109878657476'),
(13, 3, 7, '110938892031'),
(21, 2, 7, '111113891823'),
(17, 2, 7, '111920394812'),
(9, 2, 7, '116253118234'),
(5, 3, 7, '117283920312'),
(1, 2, 7, '118222234123'),
(13, 4, 7, '120499028394'),
(1, 3, 7, '120994729482'),
(17, 3, 7, '123840199203'),
(9, 3, 7, '124524156334'),
(13, 5, 7, '124561241112'),
(21, 3, 7, '124802998482'),
(5, 4, 7, '129380927384'),
(17, 4, 7, '129493059059'),
(17, 5, 7, '130904280397'),
(21, 4, 7, '130907990694'),
(1, 4, 7, '130948593049'),
(5, 5, 7, '132384738293'),
(9, 4, 7, '134233256342'),
(18, 1, 7, '138408079872'),
(14, 1, 7, '139481120394'),
(18, 2, 7, '140080798703'),
(2, 1, 7, '140938748693'),
(14, 2, 7, '140980029120'),
(9, 5, 7, '148958883940'),
(6, 1, 7, '149280384734'),
(21, 5, 7, '149985929948'),
(18, 3, 7, '150944909285'),
(10, 1, 7, '151234234567'),
(22, 1, 7, '153808004982'),
(14, 3, 7, '156627391021'),
(2, 2, 7, '157384920424'),
(6, 2, 7, '159222039485'),
(22, 2, 7, '163029390487'),
(6, 3, 7, '164879567412'),
(18, 4, 7, '164909212452'),
(10, 2, 7, '167484635342'),
(14, 4, 7, '168031098829'),
(2, 3, 7, '169056264287'),
(18, 5, 7, '172049284051'),
(22, 3, 7, '172948948298'),
(10, 3, 7, '173423423456'),
(6, 4, 7, '173940586774'),
(14, 5, 7, '177778291341'),
(2, 4, 7, '178305967884'),
(3, 1, 7, '180293849501'),
(19, 1, 7, '180490249791'),
(22, 4, 7, '183092849873'),
(6, 5, 7, '183434546576'),
(10, 4, 7, '183687456342'),
(3, 2, 7, '183740283941'),
(10, 5, 7, '184938205849'),
(15, 1, 7, '188293011297'),
(11, 1, 7, '192839183946'),
(7, 1, 7, '192847112012'),
(22, 5, 7, '192849193712'),
(19, 2, 7, '193209408824'),
(23, 1, 7, '193280401927'),
(3, 3, 7, '198399948726'),
(15, 2, 7, '199029000000'),
(11, 2, 7, '201930290123'),
(7, 2, 7, '203849582049'),
(23, 2, 7, '204909887213'),
(3, 4, 7, '204958293884'),
(4, 1, 7, '284730298435'),
(15, 3, 7, '284958203945'),
(23, 3, 7, '289480548782'),
(7, 3, 7, '293847778494'),
(19, 3, 7, '294810029312'),
(4, 2, 7, '295739402938'),
(11, 3, 7, '295888394012'),
(23, 4, 7, '309090299384'),
(7, 4, 7, '309285994802'),
(15, 4, 7, '348293041243'),
(4, 3, 7, '384950293842'),
(11, 4, 7, '394820394402'),
(19, 4, 7, '399277399182'),
(23, 5, 7, '405189822390'),
(7, 5, 7, '409283948103'),
(15, 5, 7, '423153635423'),
(11, 5, 7, '444637283941'),
(19, 5, 7, '454536293401'),
(24, 1, 7, '530192840911'),
(16, 1, 7, '568492375341'),
(8, 1, 7, '583927485778'),
(20, 1, 7, '592837719283'),
(12, 1, 7, '593009283718'),
(24, 2, 7, '601090903812'),
(16, 2, 7, '623684578532'),
(20, 2, 7, '628991822937'),
(12, 2, 7, '649203922839'),
(4, 4, 7, '692038566298'),
(8, 2, 7, '693857329111'),
(8, 3, 7, '703958376857'),
(1, 5, 7, '729304438277'),
(16, 3, 7, '742135734213'),
(20, 3, 7, '777468346232'),
(12, 3, 7, '788898399992'),
(24, 3, 7, '790909000019'),
(8, 4, 7, '826734633346'),
(12, 4, 7, '829301293123'),
(24, 4, 7, '830911021891'),
(2, 5, 7, '847029348123'),
(20, 4, 7, '849467133573'),
(16, 4, 7, '849909993840'),
(3, 5, 7, '892039998909'),
(4, 5, 7, '900986483903'),
(24, 5, 7, '903000029193'),
(8, 5, 7, '912121234852'),
(20, 5, 7, '924819357724'),
(12, 5, 7, '930092839423'),
(16, 5, 7, '938112451253'),
(4, 3, 8, '102049757378'),
(1, 1, 8, '102903994812'),
(2, 2, 8, '102938492834'),
(3, 1, 8, '108758357231'),
(3, 4, 8, '109837492831'),
(5, 3, 8, '109878657476'),
(4, 5, 8, '111113891823'),
(5, 4, 8, '118222234123'),
(5, 4, 8, '120994729482'),
(1, 2, 8, '123840199203'),
(2, 5, 8, '124524156334'),
(1, 3, 8, '129493059059'),
(6, 2, 8, '130948593049'),
(3, 5, 8, '132384738293'),
(1, 4, 8, '140080798703'),
(5, 4, 8, '140938748693'),
(3, 4, 8, '149280384734'),
(4, 1, 8, '149985929948'),
(1, 2, 8, '150944909285'),
(2, 4, 8, '151234234567'),
(6, 2, 8, '157384920424'),
(3, 2, 8, '159222039485'),
(4, 1, 8, '163029390487'),
(6, 4, 8, '169056264287'),
(1, 3, 8, '172049284051'),
(4, 5, 8, '172948948298'),
(2, 3, 8, '173423423456'),
(3, 5, 8, '173940586774'),
(6, 3, 8, '178305967884'),
(6, 4, 8, '180293849501'),
(4, 3, 8, '183092849873'),
(2, 3, 8, '183687456342'),
(5, 1, 8, '183740283941'),
(2, 1, 8, '184938205849'),
(2, 5, 8, '192839183946'),
(3, 1, 8, '192847112012'),
(1, 3, 8, '193209408824'),
(6, 3, 8, '198399948726'),
(3, 3, 8, '203849582049'),
(4, 2, 8, '204909887213'),
(6, 5, 8, '204958293884'),
(6, 1, 8, '284730298435'),
(4, 2, 8, '289480548782'),
(3, 2, 8, '293847778494'),
(1, 1, 8, '294810029312'),
(5, 1, 8, '295739402938'),
(2, 1, 8, '295888394012'),
(4, 5, 8, '309090299384'),
(3, 1, 8, '309285994802'),
(2, 2, 8, '394820394402'),
(4, 4, 8, '405189822390'),
(3, 2, 8, '409283948103'),
(2, 3, 8, '444637283941'),
(3, 3, 8, '583927485778'),
(1, 4, 8, '592837719283'),
(2, 4, 8, '593009283718'),
(2, 2, 8, '649203922839'),
(5, 2, 8, '692038566298'),
(3, 2, 8, '693857329111'),
(3, 3, 8, '703958376857'),
(6, 1, 8, '729304438277'),
(1, 4, 8, '777468346232'),
(4, 4, 8, '790909000019'),
(4, 3, 8, '830911021891'),
(5, 2, 8, '892039998909'),
(5, 3, 8, '900986483903'),
(3, 4, 8, '912121234852'),
(2, 4, 8, '930092839423'),
(2, 1, 9, '108758357231'),
(2, 3, 9, '109837492831'),
(1, 3, 9, '109878657476'),
(2, 4, 9, '117283920312'),
(1, 3, 9, '118222234123'),
(2, 2, 9, '129380927384'),
(2, 5, 9, '132384738293'),
(1, 4, 9, '140938748693'),
(2, 6, 9, '149280384734'),
(2, 4, 9, '164879567412'),
(1, 5, 9, '169056264287'),
(2, 6, 9, '173940586774'),
(1, 5, 9, '178305967884'),
(1, 6, 9, '180293849501'),
(2, 1, 9, '183434546576'),
(1, 2, 9, '183740283941'),
(2, 4, 9, '192847112012'),
(1, 6, 9, '198399948726'),
(2, 5, 9, '203849582049'),
(1, 5, 9, '204958293884'),
(1, 3, 9, '284730298435'),
(2, 3, 9, '293847778494'),
(1, 1, 9, '295739402938'),
(2, 2, 9, '309285994802'),
(1, 1, 9, '384950293842'),
(2, 2, 9, '409283948103'),
(2, 5, 9, '583927485778'),
(1, 2, 9, '692038566298'),
(2, 3, 9, '693857329111'),
(2, 4, 9, '703958376857'),
(1, 4, 9, '729304438277'),
(2, 1, 9, '826734633346'),
(1, 2, 9, '847029348123'),
(1, 1, 9, '892039998909'),
(1, 4, 9, '900986483903'),
(2, 2, 9, '912121234852'),
(6, 2, 10, '102049757378'),
(8, 2, 10, '102903994812'),
(7, 3, 10, '102938400293'),
(5, 2, 10, '102938492834'),
(3, 2, 10, '108758357231'),
(3, 3, 10, '109837492831'),
(1, 1, 10, '109878657476'),
(7, 5, 10, '110938892031'),
(6, 5, 10, '111113891823'),
(8, 1, 10, '111920394812'),
(4, 2, 10, '117283920312'),
(2, 1, 10, '118222234123'),
(7, 5, 10, '120499028394'),
(2, 1, 10, '120994729482'),
(5, 5, 10, '124524156334'),
(7, 2, 10, '124561241112'),
(4, 3, 10, '129380927384'),
(8, 2, 10, '129493059059'),
(8, 5, 10, '130904280397'),
(2, 3, 10, '130948593049'),
(4, 5, 10, '132384738293'),
(5, 4, 10, '134233256342'),
(7, 4, 10, '139481120394'),
(8, 4, 10, '140080798703'),
(1, 3, 10, '140938748693'),
(7, 1, 10, '140980029120'),
(5, 4, 10, '148958883940'),
(3, 5, 10, '149280384734'),
(6, 2, 10, '149985929948'),
(8, 5, 10, '150944909285'),
(6, 2, 10, '153808004982'),
(1, 3, 10, '157384920424'),
(3, 4, 10, '159222039485'),
(6, 3, 10, '163029390487'),
(3, 4, 10, '164879567412'),
(5, 3, 10, '167484635342'),
(2, 3, 10, '169056264287'),
(6, 5, 10, '172948948298'),
(3, 5, 10, '173940586774'),
(7, 3, 10, '177778291341'),
(2, 5, 10, '178305967884'),
(2, 4, 10, '180293849501'),
(6, 4, 10, '183092849873'),
(3, 4, 10, '183434546576'),
(1, 1, 10, '183740283941'),
(5, 1, 10, '184938205849'),
(5, 5, 10, '192839183946'),
(4, 5, 10, '192847112012'),
(6, 1, 10, '192849193712'),
(8, 4, 10, '193209408824'),
(6, 5, 10, '193280401927'),
(2, 5, 10, '198399948726'),
(5, 3, 10, '201930290123'),
(4, 5, 10, '203849582049'),
(6, 5, 10, '204909887213'),
(1, 5, 10, '204958293884'),
(1, 4, 10, '284730298435'),
(6, 2, 10, '289480548782'),
(3, 2, 10, '293847778494'),
(8, 3, 10, '294810029312'),
(2, 2, 10, '295739402938'),
(6, 4, 10, '309090299384'),
(3, 1, 10, '309285994802'),
(2, 2, 10, '384950293842'),
(5, 1, 10, '394820394402'),
(6, 4, 10, '405189822390'),
(4, 2, 10, '409283948103'),
(7, 1, 10, '423153635423'),
(5, 2, 10, '444637283941'),
(6, 3, 10, '530192840911'),
(7, 2, 10, '568492375341'),
(4, 4, 10, '583927485778'),
(5, 4, 10, '593009283718'),
(6, 1, 10, '601090903812'),
(7, 5, 10, '623684578532'),
(5, 2, 10, '649203922839'),
(2, 2, 10, '692038566298'),
(4, 1, 10, '693857329111'),
(4, 3, 10, '703958376857'),
(1, 5, 10, '729304438277'),
(7, 4, 10, '742135734213'),
(8, 3, 10, '777468346232'),
(5, 1, 10, '788898399992'),
(4, 1, 10, '826734633346'),
(1, 4, 10, '847029348123'),
(8, 3, 10, '849467133573'),
(1, 2, 10, '892039998909'),
(1, 2, 10, '900986483903'),
(6, 3, 10, '903000029193'),
(3, 3, 10, '912121234852'),
(5, 4, 10, '930092839423');

INSERT INTO `Phone_C` (`Card_id`, `Phone_number`) VALUES
('10001', '123'),
('10023', '6978495306'),
('10234', '6949332643'),
('10234', '6949382743'),
('12345', '2108394455'),
('16203', '6920586394'),
('17923', '6940028493'),
('18954', '6973423536'),
('19306', '2140679233'),
('19320', '2103452756'),
('19405', '6983352758'),
('20925', '6976577120'),
('21509', '6978456290'),
('21586', '2132680911'),
('21586', '6984562700'),
('22000', '2106790116'),
('23700', '6936709153'),
('24567', '2610678955'),
('25008', '6931612201'),
('26502', '2310338814'),
('26502', '6981501199'),
('27267', '2310705718'),
('28903', '2310609920'),
('29331', '2610805336'),
('29331', '6977150524'),
('34528', '6963218795'),
('35278', '6932010025'),
('35789', '6965987423'),
('36527', '6913505487'),
('36749', '6978654357'),
('37684', '6938712405'),
('37832', '6932698541'),
('37854', '6901230548'),
('39821', '6969754257'),
('39852', '6935496461'),
('39875', '6948901354');

INSERT INTO `Phone_S` (`Phone_number`, `Store_id`) VALUES
('2102336438', 1),
('2149506938', 1),
('2103582943', 2),
('2103947583', 3),
('2108675982', 4),
('2108675983', 4),
('2610983648', 5),
('2610983875', 5),
('2310986352', 6),
('2310986538', 6),
('2107593567', 7),
('2107593638', 7),
('2107593875', 7),
('2310278550', 8),
('2310278561', 8),
('2610859005', 9),
('2102652214', 10),
('2102652230', 10),
('2102652310', 10);

INSERT INTO `Product` (`Barcode`, `Category_name`, `Brand_name`, `Price`, `Product_name`) VALUES
('102049757378', 'Pet_care', 'yes', '5.60', 'Dry Food for Cats'),
('102903994812', 'House_supplies', 'yes', '2.80', 'Kitchen Paper Roll'),
('102938400293', 'Personal_care', 'yes', '7.00', 'Tampons'),
('102938492834', 'Drinks', 'no', '1.50', 'Lager'),
('102938499583', 'Personal_care', 'yes', '6.00', 'After Shave'),
('108758357231', 'Frozen_foods', 'no', '3.00', 'Butter'),
('109837492831', 'Frozen_foods', 'yes', '7.00', 'Fish Fillets'),
('109878657476', 'Fresh_produce', 'no', '0.99', 'Cucumbers'),
('110938892031', 'Personal_care', 'yes', '7.50', 'Body Wash'),
('111113891823', 'Pet_care', 'no', '7.80', 'Dry Food for Dogs'),
('111920394812', 'House_supplies', 'yes', '1.00', 'Garbage Bags'),
('116253118234', 'Drinks', 'no', '0.20', 'Pistachios'),
('117283920312', 'Frozen_foods', 'no', '6.00', 'Frozen Peas'),
('118222234123', 'Fresh_produce', 'yes', '0.50', 'Lettuce'),
('120499028394', 'Personal_care', 'no', '10.00', 'Sampoo'),
('120994729482', 'Fresh_produce', 'yes', '0.25', 'Celery'),
('123840199203', 'House_supplies', 'yes', '4.00', 'Wettex'),
('124524156334', 'Drinks', 'yes', '12.00', 'Rum'),
('124561241112', 'Personal_care', 'yes', '2.30', 'Antibacterial Soap'),
('124802998482', 'Pet_care', 'yes', '7.90', 'Food for Neutered Cat'),
('129380927384', 'Frozen_foods', 'no', '6.99', 'Whipping Cream'),
('129493059059', 'House_supplies', 'yes', '1.20', 'Napkins'),
('130904280397', 'House_supplies', 'no', '7.00', 'Bath Towels'),
('130907990694', 'Pet_care', 'no', '2.40', 'Dog Snacks'),
('130948593049', 'Fresh_produce', 'yes', '3.25', 'Mushrooms'),
('132384738293', 'Frozen_foods', 'no', '10.00', 'Frozen Squid'),
('134233256342', 'Drinks', 'yes', '10.00', 'Gin'),
('138408079872', 'House_supplies', 'yes', '5.40', 'Toilet Paper'),
('139481120394', 'Personal_care', 'no', '11.30', 'Moisturizing Body Cream'),
('140080798703', 'House_supplies', 'yes', '8.00', 'Bottle 1 Lt'),
('140938748693', 'Fresh_produce', 'no', '2.00', 'Pears'),
('140980029120', 'Personal_care', 'yes', '2.00', 'Toothbrush'),
('148958883940', 'Drinks', 'yes', '9.99', 'Vodka'),
('149280384734', 'Frozen_foods', 'no', '12.00', 'Frozen Shrimp'),
('149985929948', 'Pet_care', 'yes', '1.00', 'Canned Calf'),
('150944909285', 'House_supplies', 'yes', '7.80', 'Food Container'),
('151234234567', 'Drinks', 'yes', '8.00', 'Bacardi'),
('153808004982', 'Pet_care', 'no', '1.80', 'Calcium Bone'),
('156627391021', 'Personal_care', 'yes', '4.00', 'Hand Sanitizer'),
('157384920424', 'Fresh_produce', 'yes', '3.00', 'Broccoli'),
('159222039485', 'Frozen_foods', 'no', '5.50', 'Orange Juice'),
('163029390487', 'Pet_care', 'yes', '1.67', 'Canned Salmon for Cats'),
('164879567412', 'Frozen_foods', 'no', '6.05', 'Fresh Juice'),
('164909212452', 'House_supplies', 'no', '4.60', 'Silver Foil'),
('167484635342', 'Drinks', 'no', '4.00', 'Cashews'),
('168031098829', 'Personal_care', 'no', '5.50', 'Razors'),
('169056264287', 'Fresh_produce', 'yes', '2.80', 'Onions'),
('172049284051', 'House_supplies', 'yes', '3.90', 'Tissues'),
('172948948298', 'Pet_care', 'no', '8.00', 'Sampoo for Pets'),
('173423423456', 'Drinks', 'no', '3.99', 'Peanuts'),
('173940586774', 'Frozen_foods', 'no', '14.00', 'Frozen Salmon'),
('177778291341', 'Personal_care', 'no', '7.60', 'Body Wash for Kids'),
('178305967884', 'Fresh_produce', 'yes', '3.00', 'Carrots'),
('180293849501', 'Fresh_produce', 'yes', '1.00', 'Parsley'),
('180490249791', 'House_supplies', 'yes', '10.00', 'Bed Sheets'),
('183092849873', 'Pet_care', 'yes', '5.30', 'Cat Food with Turkey'),
('183434546576', 'Frozen_foods', 'no', '4.50', 'Yogurt'),
('183687456342', 'Drinks', 'no', '2.00', 'Almonds'),
('183740283941', 'Fresh_produce', 'no', '1.00', 'Apples'),
('184938205849', 'Drinks', 'yes', '0.50', 'Beer'),
('188293011297', 'Personal_care', 'yes', '1.90', 'Cotton'),
('192839183946', 'Drinks', 'no', '15.00', 'Whiskey'),
('192847112012', 'Frozen_foods', 'no', '3.50', 'Margarine'),
('192849193712', 'Pet_care', 'no', '2.00', 'Canned Fish'),
('193209408824', 'House_supplies', 'no', '14.00', 'Non-Stick Pan'),
('193280401927', 'Pet_care', 'no', '7.00', 'Cat Croquettes'),
('198399948726', 'Fresh_produce', 'no', '2.00', 'Cabbage'),
('199029000000', 'Personal_care', 'yes', '2.00', 'Oral Solution'),
('201930290123', 'Drinks', 'yes', '6.00', 'Liqueur'),
('203849582049', 'Frozen_foods', 'no', '8.99', 'Bacon'),
('204909887213', 'Pet_care', 'yes', '4.00', 'Cat Collar with Bell'),
('204958293884', 'Fresh_produce', 'no', '4.00', 'Garlic'),
('284730298435', 'Fresh_produce', 'yes', '4.50', 'Grapefruit'),
('284958203945', 'Personal_care', 'yes', '4.00', 'Toothpaste'),
('289480548782', 'Pet_care', 'yes', '2.40', 'Canned Beef'),
('293847778494', 'Frozen_foods', 'no', '5.99', 'Salami'),
('294810029312', 'House_supplies', 'yes', '5.00', 'Batteries'),
('295739402938', 'Fresh_produce', 'no', '1.50', 'Tomatoes'),
('295888394012', 'Drinks', 'yes', '0.50', 'Alcohol Free Beer'),
('309090299384', 'Pet_care', 'no', '7.00', 'Friskies'),
('309285994802', 'Frozen_foods', 'no', '2.50', 'Milk'),
('348293041243', 'Personal_care', 'yes', '7.60', 'Makeup Removing Wipes'),
('384950293842', 'Fresh_produce', 'yes', '2.00', 'Oranges'),
('394820394402', 'Drinks', 'yes', '1.00', 'Coctail Nuts'),
('399277399182', 'House_supplies', 'yes', '7.30', 'Toilet Paper 12 Pieces'),
('405189822390', 'Pet_care', 'yes', '6.90', 'Leash'),
('409283948103', 'Frozen_foods', 'no', '5.00', 'Feta Cheese'),
('423153635423', 'Personal_care', 'no', '3.50', 'Deodorant'),
('444637283941', 'Drinks', 'yes', '2.50', 'Brazil Nuts'),
('454536293401', 'House_supplies', 'yes', '9.00', 'Mugs: set of 3'),
('530192840911', 'Pet_care', 'no', '8.00', 'Dog Snacks: Denta Stix'),
('568492375341', 'Personal_care', 'no', '1.99', 'Hand Soap'),
('583927485778', 'Frozen_foods', 'no', '9.99', 'Sausages'),
('592837719283', 'House_supplies', 'no', '2.30', 'Plastic Plates'),
('593009283718', 'Drinks', 'yes', '5.00', 'White Wine'),
('601090903812', 'Pet_care', 'yes', '2.60', 'Canned Poultry'),
('623684578532', 'Personal_care', 'yes', '9.00', 'Dry Hair Sampoo'),
('628991822937', 'House_supplies', 'yes', '9.80', 'Spatula Set'),
('649203922839', 'Drinks', 'yes', '1.99', 'Tiger Nuts'),
('692038566298', 'Fresh_produce', 'no', '1.67', 'Potatoes'),
('693857329111', 'Frozen_foods', 'no', '4.25', 'Eggs'),
('703958376857', 'Frozen_foods', 'no', '8.00', 'Ice Cream'),
('729304438277', 'Fresh_produce', 'yes', '5.00', 'Berries'),
('742135734213', 'Personal_care', 'yes', '8.70', 'Conditioner'),
('777468346232', 'House_supplies', 'yes', '4.50', 'Plastic Glasses'),
('788898399992', 'Drinks', 'yes', '0.50', 'Coca Cola'),
('790909000019', 'Pet_care', 'no', '3.00', 'Sand for Cats'),
('826734633346', 'Frozen_foods', 'no', '4.50', 'Gooda Cheese'),
('829301293123', 'Drinks', 'no', '1.00', 'Pecan'),
('830911021891', 'Pet_care', 'yes', '4.50', 'Beef Mousse'),
('847029348123', 'Fresh_produce', 'yes', '2.99', 'Lemons'),
('849467133573', 'House_supplies', 'yes', '5.00', 'Scissors'),
('849909993840', 'Personal_care', 'no', '3.50', 'Aceton'),
('892039998909', 'Fresh_produce', 'yes', '1.20', 'Zucchini'),
('900986483903', 'Fresh_produce', 'yes', '1.30', 'Spinach'),
('903000029193', 'Pet_care', 'no', '6.00', 'Adult Dog Food 5Kg'),
('912121234852', 'Frozen_foods', 'no', '7.80', 'Frozen Pizza'),
('924819357724', 'House_supplies', 'no', '6.70', 'Grater'),
('930092839423', 'Drinks', 'no', '6.25', 'Red Wine'),
('938112451253', 'Personal_care', 'no', '2.40', 'Cotton Swabs');

INSERT INTO `Store` (`Store_id`, `Operating_hours`, `Postal_code`, `Street`, `City`, `Number`, `Size`) VALUES
(1, '18:00-21:00', '11142', 'Rodopis', 'Athens', 2, 150),
(2, '08:00-20:00', '11036', 'G.Averof', 'Thessaloniki', 36, 100),
(3, '07:00-21:00', '14728', 'Notara', 'Patra', 9, 215),
(4, '09:00-21:00', '11367', 'Kerkiras', 'Athens', 45, 212),
(5, '08:00-20:00', '26221', 'Eleftherias', 'Patra', 11, 153),
(6, '08:00-23:00', '54236', 'Palaiologou', 'Thessaloniki', 17, 175),
(7, '07:00-23:00', '11527', 'Aristotelous', 'Athens', 23, 525),
(8, '8:00-00:00', '54635', 'Filipou', 'Thessaloniki', 57, 180),
(9, '9:00-18:00', '26214', 'Karatza', 'Patra', 29, 125),
(10, '8:00-22:00', '10444', 'Petras', 'Athens', 103, 200);

INSERT INTO `Transaction` (`DateTime`, `Card_id`, `Store_id`, `Total_amount`, `Payment_method`) VALUES
('2009-07-09 11:13:50', '20925', 5, '29.08', 'Card'),
('2010-01-23 16:30:45', '16203', 8, '1.30', 'Card'),
('2010-03-02 13:30:45', '16203', 5, '2.80', 'Cash'),
('2010-03-05 20:09:33', '22000', 7, '14.00', 'Cash'),
('2010-03-20 16:30:45', '16203', 10, '4.50', 'Card'),
('2010-04-23 16:30:45', '16203', 9, '10.00', 'Card'),
('2010-04-23 18:30:45', '16203', 1, '8.00', 'Cash'),
('2010-04-26 19:28:17', '21586', 4, '10.49', 'Card'),
('2010-07-19 11:00:00', '35278', 1, '35.98', 'Cash'),
('2011-09-09 15:12:10', '22000', 1, '18.60', 'Cash'),
('2012-01-14 08:05:40', '29331', 5, '22.00', 'Card'),
('2012-03-07 13:30:45', '10023', 6, '2.40', 'Cash'),
('2012-06-21 18:30:45', '10023', 1, '12.95', 'Card'),
('2012-06-24 15:36:45', '10023', 2, '16.75', 'Cash'),
('2012-06-27 15:30:45', '10023', 3, '35.00', 'Cash'),
('2012-06-29 17:30:45', '10023', 3, '4.00', 'Cash'),
('2013-03-07 13:30:45', '36749', 6, '2.40', 'Cash'),
('2013-03-25 15:43:40', '23700', 5, '35.00', 'Card'),
('2013-07-31 15:43:40', '18954', 5, '7.00', 'Cash'),
('2013-09-09 16:19:12', '24567', 3, '23.40', 'Cash'),
('2013-09-09 16:19:17', '21586', 1, '62.85', 'Card'),
('2013-10-26 14:30:11', '25008', 6, '126.94', 'Card'),
('2013-11-02 17:00:12', '10023', 7, '1.50', 'Cash'),
('2013-12-09 12:19:17', '21509', 4, '22.78', 'Cash'),
('2014-01-23 16:30:45', '36749', 8, '1.30', 'Cash'),
('2014-02-09 15:30:45', '10023', 3, '7.00', 'Card'),
('2014-03-07 13:30:45', '36749', 5, '2.80', 'Cash'),
('2014-03-09 15:30:45', '10023', 4, '0.99', 'Cash'),
('2014-03-20 16:30:45', '36749', 10, '4.50', 'Cash'),
('2014-04-23 16:30:45', '36749', 9, '10.00', 'Cash'),
('2014-04-23 18:30:45', '36749', 1, '8.00', 'Cash'),
('2014-08-09 13:30:00', '10023', 10, '8.00', 'Card'),
('2014-12-23 18:30:45', '10023', 6, '2.80', 'Cash'),
('2015-03-07 13:30:45', '36749', 7, '6.70', 'Card'),
('2015-08-14 12:57:01', '25008', 2, '16.00', 'Cash'),
('2015-09-24 15:00:12', '36749', 1, '7.00', 'Cash'),
('2015-09-29 13:29:12', '37832', 3, '11.50', 'Card'),
('2015-11-09 09:19:17', '20045', 4, '20.29', 'Cash'),
('2016-03-03 09:01:17', '36527', 4, '20.79', 'Cash'),
('2016-03-07 13:30:45', '10023', 7, '6.70', 'Card'),
('2016-06-27 14:30:00', '19320', 3, '73.80', 'Cash'),
('2016-08-05 11:27:27', '34528', 9, '10.49', 'Cash'),
('2016-09-08 15:22:03', '39852', 10, '40.95', 'Card'),
('2016-09-24 15:00:12', '10023', 1, '7.00', 'Cash'),
('2016-10-10 21:00:37', '36527', 7, '23.20', 'Card'),
('2016-10-25 14:03:59', '17923', 2, '31.99', 'Card'),
('2016-11-18 18:07:02', '18954', 3, '11.50', 'Cash'),
('2017-01-06 13:20:39', '19405', 4, '10.49', 'Card'),
('2017-01-11 21:01:03', '39875', 10, '7.00', 'Cash'),
('2017-03-02 13:30:45', '16203', 6, '2.40', 'Cash'),
('2017-04-23 18:30:45', '10023', 8, '5.60', 'Cash'),
('2017-05-18 12:23:19', '21586', 1, '45.00', 'Card'),
('2017-05-28 22:19:12', '27267', 6, '59.51', 'Card'),
('2017-05-31 22:10:00', '39875', 7, '34.20', 'Card'),
('2017-06-15 19:30:01', '26502', 2, '20.00', 'Cash'),
('2017-06-24 13:10:08', '19405', 1, '28.00', 'Cash'),
('2017-07-29 15:20:45', '10023', 7, '3.50', 'Cash'),
('2017-09-24 15:00:12', '10023', 4, '5.60', 'Cash'),
('2018-01-23 16:30:45', '10023', 8, '1.30', 'Cash'),
('2018-01-30 16:31:07', '21509', 1, '15.40', 'Cash'),
('2018-03-07 13:30:45', '10023', 5, '2.80', 'Cash'),
('2018-03-20 16:30:45', '10023', 10, '4.50', 'Cash'),
('2018-03-23 18:30:45', '10234', 1, '11.83', 'Cash'),
('2018-03-29 15:20:45', '10023', 5, '2.40', 'Cash'),
('2018-04-23 16:30:45', '10023', 9, '10.00', 'Cash'),
('2018-04-23 18:30:45', '10023', 1, '8.00', 'Cash'),
('2018-06-01 10:31:55', '37684', 5, '16.75', 'Cash'),
('2018-06-27 14:30:00', '18954', 3, '73.80', 'Cash'),
('2018-07-19 14:53:47', '19306', 5, '44.90', 'Cash'),
('2018-07-30 18:02:58', '10234', 7, '17.09', 'Card'),
('2018-08-24 17:04:00', '19405', 4, '12.60', 'Card'),
('2018-10-13 14:20:38', '19306', 2, '113.50', 'Card'),
('2018-12-29 19:40:37', '17923', 2, '68.00', 'Card'),
('2019-01-30 16:43:01', '39852', 1, '33.20', 'Cash'),
('2019-02-09 11:43:40', '36527', 4, '10.20', 'Cash'),
('2019-02-09 15:20:45', '10023', 8, '3.90', 'Cash'),
('2019-02-27 09:04:00', '26502', 2, '21.50', 'Card'),
('2019-03-07 18:45:02', '19405', 1, '18.10', 'Cash'),
('2019-03-09 15:20:45', '10023', 1, '1.00', 'Cash'),
('2019-03-29 15:20:45', '10023', 7, '0.50', 'Cash'),
('2019-04-23 10:00:40', '18954', 2, '17.94', 'Card'),
('2019-05-12 20:25:02', '19405', 2, '8.92', 'Card'),
('2019-05-23 20:00:40', '18954', 6, '9.00', 'Card'),
('2019-07-28 09:48:46', '39821', 8, '50.00', 'Card'),
('2019-07-28 23:48:06', '26502', 8, '29.18', 'Cash'),
('2019-09-02 17:00:12', '16203', 7, '1.50', 'Cash'),
('2019-10-07 10:20:51', '21586', 1, '15.40', 'Cash'),
('2019-11-02 17:00:12', '36749', 7, '1.50', 'Cash'),
('2019-11-07 19:23:02', '19405', 1, '21.40', 'Card'),
('2019-12-13 10:40:23', '16203', 3, '4.50', 'Card'),
('2019-12-23 11:30:47', '10234', 7, '16.30', 'Cash'),
('2020-01-08 13:12:03', '36749', 9, '24.99', 'Cash'),
('2020-01-08 13:12:03', '39875', 10, '16.00', 'Cash'),
('2020-01-15 07:58:05', '16203', 7, '17.50', 'Cash'),
('2020-01-23 14:30:41', '16203', 8, '4.49', 'Cash'),
('2020-02-07 20:09:14', '19320', 6, '7.00', 'Cash'),
('2020-02-08 21:00:00', '19320', 10, '14.00', 'Card'),
('2020-02-09 08:58:49', '20925', 5, '59.00', 'Cash'),
('2020-02-09 15:43:40', '23700', 5, '35.00', 'Card'),
('2020-02-10 16:09:14', '19320', 9, '10.00', 'Card'),
('2020-02-11 10:09:14', '19320', 9, '4.50', 'Cash'),
('2020-02-17 20:09:14', '19320', 6, '7.00', 'Card'),
('2020-02-18 21:00:00', '19320', 10, '14.00', 'Card'),
('2020-02-19 10:09:14', '19320', 9, '4.50', 'Cash'),
('2020-02-20 16:09:14', '19320', 9, '10.00', 'Card'),
('2020-02-27 09:03:01', '27267', 2, '24.00', 'Cash'),
('2020-03-02 13:30:45', '16203', 7, '6.70', 'Card'),
('2020-03-05 15:30:09', '10234', 7, '14.80', 'Cash'),
('2020-04-12 19:04:04', '12345', 3, '8.00', 'Card'),
('2020-04-15 14:29:30', '37832', 5, '64.03', 'Card'),
('2020-04-28 11:55:22', '28903', 8, '131.80', 'Cash'),
('2020-05-08 17:35:27', '34528', 9, '29.50', 'Card'),
('2020-06-01 16:09:19', '10023', 9, '10.00', 'Card'),
('2020-06-07 20:09:19', '10023', 6, '7.00', 'Cash'),
('2020-06-08 21:00:00', '10023', 10, '14.00', 'Card'),
('2020-06-10 16:09:19', '10023', 9, '10.00', 'Card'),
('2020-06-11 10:09:19', '10023', 9, '4.50', 'Cash'),
('2020-06-17 20:09:19', '10023', 6, '7.00', 'Cash'),
('2020-06-18 21:00:00', '10023', 10, '14.00', 'Card'),
('2020-06-19 10:09:19', '10023', 9, '4.50', 'Cash'),
('2020-06-20 16:09:19', '10023', 9, '10.00', 'Card'),
('2020-09-24 15:00:12', '16203', 4, '10.00', 'Cash'),
('2020-09-24 15:00:12', '36749', 3, '5.69', 'Cash'),
('2020-10-24 15:00:12', '16203', 1, '7.00', 'Cash');


